{"xmin": {"0": 0.0}, "ymin": {"0": 14.6207885742}, "xmax": {"0": 316.033996582}, "ymax": {"0": 318.2833251953}, "confidence": {"0": 0.7891767025}, "class": {"0": 7}, "name": {"0": "class7"}}